"window","percent_in_LCR","percent_outside_LCR","in_LCR","outside_LCR"
"window10",24.6996938054487,75.3003061945513,28314,86319
"window20",20.611749228356,79.388250771644,32588,125516
"window30",18.1837337814559,81.8162662185441,34518,155311
"window40",16.2359371315216,83.7640628684784,35112,181149
