"window","percent_in_LCR","percent_outside_LCR","in_LCR","outside_LCR"
"window10",68.1359492099862,31.8640507900138,71369,33376
"window20",62.190268327128,37.809731672872,87192,53010
"window30",57.7384421134421,42.2615578865579,95116,69620
"window40",53.7379473592773,46.2620526407227,98981,85211
