"windows","percent_rare_sAF_rare_rAF_gnomad","percent_rare_sAF_common_rAF_gnomad","rare_sAF_rare_rAF_gnomad","rare_sAF_common_rAF_gnomad"
"window10",86.8415494493637,13.1584505506363,756541,114633
"window20",81.8516163246378,18.1483836753622,713070,158104
"window30",78.2099787183731,21.7900212816269,681345,189829
"window40",75.1759120451253,24.8240879548747,654913,216261
