"windows","percent_rare_sAF_rare_rAF_gnomad","percent_rare_sAF_common_rAF_gnomad","rare_sAF_rare_rAF_gnomad","rare_sAF_common_rAF_gnomad"
"window10",88.4384667848861,11.5615332151139,810428,105947
"window20",84.5460646569363,15.4539353430637,774759,141616
"window30",81.8551357250034,18.1448642749966,750100,166275
"window40",79.7219478925113,20.2780521074887,730552,185823
